Title,image,Body,Parent
Thor: The Dark World,http://flickwiz.xululabs.us/sites/default/files/MV5BMTQyNzAwOTUxOF5BMl5BanBnXkFtZTcwMTE0OTc5OQ@@._V1__SX1303_SY607_.jpg,When Dr Jane Foster ge,Movies
Thor: The Dark World,http://flickwiz.xululabs.us/sites/default/files/MV5BMTg0OTQ2NTkzOV5BMl5BanBnXkFtZTcwNTkzNDA5OQ@@._V1__SX1303_SY607_.jpg,When Dr Jane Foster ge,Movies
Thor: The Dark World,http://flickwiz.xululabs.us/sites/default/files/MV5BMTU5NjcyNjI2Nl5BMl5BanBnXkFtZTcwNzgxNDA5OQ@@._V1__SX1303_SY607_.jpg,When Dr Jane Foster ge,Movies
The Amazing Spider-Man,http://flickwiz.xululabs.us/sites/default/files/MV5BMjMyOTM4MDMxNV5BMl5BanBnXkFtZTcwNjIyNzExOA@@._V1__SX1303_SY607_.jpg,After Peter Parker is ,Movies
The Amazing Spider-Man,http://flickwiz.xululabs.us/sites/default/files/MV5BMTkwNjA4NzUwM15BMl5BanBnXkFtZTcwMzY1NDM5Nw@@._V1__SX1303_SY607_.jpg,After Peter Parker is ,Movies
Iron Man 2 ,http://flickwiz.xululabs.us/sites/default/files/MV5BMTM0MDgwNjMyMl5BMl5BanBnXkFtZTcwNTg3NzAzMw@@._V1__SX1303_SY607_.jpg,With the world now awa,Movies
Iron Man 2 ,http://flickwiz.xululabs.us/sites/default/files/MV5BMTQ1MzI1NzcxMV5BMl5BanBnXkFtZTcwNTI0OTY2Mw@@._V1__SX1303_SY607_.jpg,With the world now awa,Movies
Iron Man 2 ,http://flickwiz.xululabs.us/sites/default/files/MV5BMjE1NjMxOTM3NV5BMl5BanBnXkFtZTcwMTE3NDY0Mw@@._V1__SX1303_SY607_.jpg,With the world now awa,Movies
Iron Man 2 ,http://flickwiz.xululabs.us/sites/default/files/MV5BMjA2NTQ4NzU0Nl5BMl5BanBnXkFtZTcwNDE2NTY2Mw@@._V1__SX1303_SY607_.jpg,With the world now awa,Movies
Thor,http://flickwiz.xululabs.us/sites/default/files/MV5BMTYxMjA5NDMzNV5BMl5BanBnXkFtZTcwOTk2Mjk3NA@@._V1__SX1303_SY607_.jpg,The powerful but arrog,Movies
Thor,http://flickwiz.xululabs.us/sites/default/files/MV5BMTM0NjM5MDkwMF5BMl5BanBnXkFtZTcwNTYwMzU5NA@@._V1__SX1303_SY607_.jpg,The powerful but arrog,Movies
Thor,http://flickwiz.xululabs.us/sites/default/files/MV5BMTMwNDEyNTM1N15BMl5BanBnXkFtZTcwNTY5MzgxNA@@._V1__SX1303_SY607_.jpg,The powerful but arrog,Movies
Thor,http://flickwiz.xululabs.us/sites/default/files/MV5BMjEzMjQ3MjI4OV5BMl5BanBnXkFtZTcwODEzODQ2NA@@._V1__SX1303_SY607_.jpg,The powerful but arrog,Movies
True Grit,http://flickwiz.xululabs.us/sites/default/files/MV5BMjIxNjAzODQ0N15BMl5BanBnXkFtZTcwODY2MjMyNA@@._V1__SX1303_SY557_.jpg,A tough U.S.,Movies
True Grit,http://flickwiz.xululabs.us/sites/default/files/MV5BMTMwNDkwNTA1NF5BMl5BanBnXkFtZTcwNjYwMjE3NA@@._V1__SX1303_SY557_.jpg,A tough U.S.,Movies
True Grit,http://flickwiz.xululabs.us/sites/default/files/MV5BMjIzMTE3NjEyMV5BMl5BanBnXkFtZTcwMzg3MDc0NQ@@._V1__SX1303_SY557_.jpg,A tough U.S.,Movies
True Grit,http://flickwiz.xululabs.us/sites/default/files/MV5BMTYyNTIyMDk4OF5BMl5BanBnXkFtZTcwOTgwNTY0NA@@._V1__SX1303_SY557_.jpg,A tough U.S.,Movies
Harry Potter and the Deathly Hallows: Part 1,http://flickwiz.xululabs.us/sites/default/files/MV5BMTQ2OTE1Mjk0N15BMl5BanBnXkFtZTcwODE3MDAwNA@@._V1__SX1303_SY557_.jpg,As Harry races against,Movies
Harry Potter and the Deathly Hallows: Part 1,http://flickwiz.xululabs.us/sites/default/files/MV5BNTAxNzkxNjg0OV5BMl5BanBnXkFtZTcwMDg0OTI0NA@@._V1__SX1303_SY557_.jpg,As Harry races against,Movies
Harry Potter and the Deathly Hallows: Part 1,http://flickwiz.xululabs.us/sites/default/files/MV5BMTM3NjkxODU5OV5BMl5BanBnXkFtZTcwNTYwNzI2Mw@@._V1__SX1303_SY557_.jpg,As Harry races against,Movies
Prometheus ,http://flickwiz.xululabs.us/sites/default/files/MV5BMTY3NzIyNTA2NV5BMl5BanBnXkFtZTcwNzE2NjI4Nw@@._V1__SX1303_SY607_.jpg,Following clues to the,Movies
Prometheus ,http://flickwiz.xululabs.us/sites/default/files/MV5BMjIyMDU0NDI5MV5BMl5BanBnXkFtZTcwMjI4ODI4OA@@._V1__SX1303_SY607_.jpg,Following clues to the,Movies
Kick-Ass,http://flickwiz.xululabs.us/sites/default/files/MV5BMTMzNzEzMDYxM15BMl5BanBnXkFtZTcwMTc0NTMxMw@@._V1__SX1303_SY557_.jpg,Dave Lizewski is an un,Movies
Kick-Ass,http://flickwiz.xululabs.us/sites/default/files/MV5BODQ4OTM2NjA4NF5BMl5BanBnXkFtZTcwMDc2OTczMw@@._V1__SX1303_SY557_.jpg,Dave Lizewski is an un,Movies
Kick-Ass,http://flickwiz.xululabs.us/sites/default/files/MV5BMTYzMDM3MjEzMF5BMl5BanBnXkFtZTcwMDcyMTkwOA@@._V1__SX1303_SY557_.jpg,Dave Lizewski is an un,Movies
World War Z,http://flickwiz.xululabs.us/sites/default/files/MV5BMTg0NTgxMjIxOF5BMl5BanBnXkFtZTcwMDM0MDY1OQ@@._V1__SX1303_SY607_.jpg,United Nations employe,Movies
World War Z,http://flickwiz.xululabs.us/sites/default/files/MV5BMTQ1NTcwNDQwM15BMl5BanBnXkFtZTcwNDAzNzkyOQ@@._V1__SX1303_SY607_.jpg,United Nations employe,Movies
World War Z,http://flickwiz.xululabs.us/sites/default/files/MV5BMTYyMDgxNzkyM15BMl5BanBnXkFtZTcwMjk3NzQzOQ@@._V1__SX1303_SY607_.jpg,United Nations employe,Movies
Despicable Me,http://flickwiz.xululabs.us/sites/default/files/MV5BMTY3NjY0MTQ0Nl5BMl5BanBnXkFtZTcwMzQ2MTc0Mw@@._V1__SX1303_SY557_.jpg,When a criminal master,Movies
Despicable Me,http://flickwiz.xululabs.us/sites/default/files/MV5BMTQyODcwNjAxNV5BMl5BanBnXkFtZTcwMTU5NTE0NA@@._V1__SX1303_SY557_.jpg,When a criminal master,Movies
Despicable Me,http://flickwiz.xululabs.us/sites/default/files/MV5BMjE5OTMyNzQyOF5BMl5BanBnXkFtZTcwODAzNjY5Mg@@._V1__SX1303_SY557_.jpg,When a criminal master,Movies
Despicable Me,http://flickwiz.xululabs.us/sites/default/files/MV5BODM5MTg2MDc4OV5BMl5BanBnXkFtZTcwMTk3NDc1Mw@@._V1__SX1303_SY557_.jpg,When a criminal master,Movies
Oblivion,http://flickwiz.xululabs.us/sites/default/files/MV5BMTQwMDY0MTA4MF5BMl5BanBnXkFtZTcwNzI3MDgxOQ@@._V1__SX1303_SY607_.jpg,A veteran assigned to ,Movies
Oblivion,http://flickwiz.xululabs.us/sites/default/files/MV5BMTM5NTA5NTQxMV5BMl5BanBnXkFtZTcwNTE5MzI4OA@@._V1__SX1303_SY607_.jpg,A veteran assigned to ,Movies
Oblivion,http://flickwiz.xululabs.us/sites/default/files/MV5BMjE3MjEyNTI2OV5BMl5BanBnXkFtZTcwODk4MDgxOQ@@._V1__SX1303_SY607_.jpg,A veteran assigned to ,Movies
The Social Network,http://flickwiz.xululabs.us/sites/default/files/MV5BMTM2ODk0NDAwMF5BMl5BanBnXkFtZTcwNTM1MDc2Mw@@._V1__SX1303_SY557_.jpg,Harvard student Mark Z,Movies
The Social Network,http://flickwiz.xululabs.us/sites/default/files/MV5BMTQyODMxODIyMl5BMl5BanBnXkFtZTcwMzc5NTkyNA@@._V1__SX1303_SY557_.jpg,Harvard student Mark Z,Movies
The Social Network,http://flickwiz.xululabs.us/sites/default/files/MV5BMTgyMjk3NDIxNV5BMl5BanBnXkFtZTcwMTMxNTY0NA@@._V1__SX1303_SY557_.jpg,Harvard student Mark Z,Movies
 Buried ,http://flickwiz.xululabs.us/sites/default/files/MV5BMTg5MzU3OTIwOV5BMl5BanBnXkFtZTcwMzU3NzY3Mw@@._V1__SX1303_SY607_.jpg,Paul is a U.S.,Movies
 Buried ,http://flickwiz.xululabs.us/sites/default/files/MV5BMjk1NTI2MjQ1NV5BMl5BanBnXkFtZTcwOTY1OTQxNA@@._V1__SX1303_SY607_.jpg,Paul is a U.S.,Movies
 Buried ,http://flickwiz.xululabs.us/sites/default/files/MV5BMTc4MTM5MDgwM15BMl5BanBnXkFtZTcwMjMwMTU1Mw@@._V1__SX1303_SY607_.jpg,Paul is a U.S.,Movies
X-Men: First Class,http://flickwiz.xululabs.us/sites/default/files/MV5BMTg5OTMxNzk4Nl5BMl5BanBnXkFtZTcwOTk1MjAwNQ@@._V1__SX1303_SY557_.jpg,"In 1962, the United St",Movies
X-Men: First Class,http://flickwiz.xululabs.us/sites/default/files/MV5BMTc4MzUyOTg2OF5BMl5BanBnXkFtZTcwMDY5MDQ1Ng@@._V1__SX1303_SY557_.jpg,"In 1962, the United St",Movies
X-Men: First Class,http://flickwiz.xululabs.us/sites/default/files/MV5BNDQ1NDA3NjgyOV5BMl5BanBnXkFtZTcwMTY5MDQ1Ng@@._V1__SX1303_SY557_.jpg,"In 1962, the United St",Movies
Pacific Rim,http://flickwiz.xululabs.us/sites/default/files/MV5BMTY3MTI5NjQ4Nl5BMl5BanBnXkFtZTcwOTU1OTU0OQ@@._V1__SX1303_SY607_.jpg,As a war between human,Movies
Pacific Rim,http://flickwiz.xululabs.us/sites/default/files/MV5BMTM3NDUwNTI2OF5BMl5BanBnXkFtZTcwNTA2NzA4OQ@@._V1__SX1303_SY607_.jpg,As a war between human,Movies
Pacific Rim,http://flickwiz.xululabs.us/sites/default/files/MV5BMTgwMzA4OTc0OF5BMl5BanBnXkFtZTcwMTM2NTYyNg@@._V1__SX1303_SY607_.jpg,As a war between human,Movies
Pacific Rim,http://flickwiz.xululabs.us/sites/default/files/MV5BMjE4NzIxODg2MF5BMl5BanBnXkFtZTcwNTYyNjQ4OA@@._V1__SX1303_SY607_.jpg,As a war between human,Movies
Drive,http://flickwiz.xululabs.us/sites/default/files/MV5BOTM1ODQ0Nzc4NF5BMl5BanBnXkFtZTcwMTM0MjQyNg@@._V1__SX1303_SY557_.jpg,A mysterious Hollywood,Movies
Drive,http://flickwiz.xululabs.us/sites/default/files/MV5BMTU2MzI2MTE2M15BMl5BanBnXkFtZTcwNjE5MTE2Nw@@._V1__SX1303_SY557_.jpg,A mysterious Hollywood,Movies
Drive,http://flickwiz.xululabs.us/sites/default/files/MV5BMTM0NTgzODQ3MF5BMl5BanBnXkFtZTcwOTUxODUxNw@@._V1__SX1303_SY557_.jpg,A mysterious Hollywood,Movies
The World's End,http://flickwiz.xululabs.us/sites/default/files/MV5BNzA1MTk1MzY0OV5BMl5BanBnXkFtZTgwNjkzNTUwMDE@._V1__SX1303_SY607_.jpg,Five friends who reuni,Movies
The World's End,http://flickwiz.xululabs.us/sites/default/files/MV5BMTYxMDc2NjQzNF5BMl5BanBnXkFtZTcwMTM4MTg2OQ@@._V1__SX1303_SY607_.jpg,Five friends who reuni,Movies
The World's End,http://flickwiz.xululabs.us/sites/default/files/MV5BMjI0OTMzODc5MF5BMl5BanBnXkFtZTcwMDgzODQ1OQ@@._V1__SX1303_SY607_.jpg,Five friends who reuni,Movies
The World's End,http://flickwiz.xululabs.us/sites/default/files/MV5BMjA0MTMyOTYyN15BMl5BanBnXkFtZTcwNTgwOTg0OQ@@._V1__SX1303_SY607_.jpg,Five friends who reuni,Movies
Men in Black 3,http://flickwiz.xululabs.us/sites/default/files/MV5BMTU2NTYxODcwMF5BMl5BanBnXkFtZTcwNDk1NDY0Nw@@._V1__SX1303_SY607_.jpg,Agent J travels in tim,Movies
Men in Black 3,http://flickwiz.xululabs.us/sites/default/files/MV5BMjAyNDAyNjE5OF5BMl5BanBnXkFtZTcwNjYwODk3OA@@._V1__SX1303_SY607_.jpg,Agent J travels in tim,Movies
Captain America: The First Avenger,http://flickwiz.xululabs.us/sites/default/files/MV5BMTYzOTc2NzU3N15BMl5BanBnXkFtZTcwNjY3MDE3NQ@@._V1__SX1303_SY607_.jpg,"Steve Rogers, a reject",Movies
Captain America: The First Avenger,http://flickwiz.xululabs.us/sites/default/files/MV5BMTM3OTE5NzIwOF5BMl5BanBnXkFtZTcwMjk4MzI3Nw@@._V1__SX1303_SY607_.jpg,"Steve Rogers, a reject",Movies
Captain America: The First Avenger,http://flickwiz.xululabs.us/sites/default/files/MV5BMTM2MDc5Nzc1MF5BMl5BanBnXkFtZTcwNzM3ODI3Nw@@._V1__SX1303_SY607_.jpg,"Steve Rogers, a reject",Movies
Captain America: The First Avenger,http://flickwiz.xululabs.us/sites/default/files/MV5BMjA1MjQ5NTU5OF5BMl5BanBnXkFtZTcwNjY3ODI3Nw@@._V1__SX1303_SY607_.jpg,"Steve Rogers, a reject",Movies
Bridesmaids,http://flickwiz.xululabs.us/sites/default/files/MV5BMjAyOTMyMzUxNl5BMl5BanBnXkFtZTcwODI4MzE0NA@@._V1__SX1303_SY607_.jpg,Competition between th,Movies
Bridesmaids,http://flickwiz.xululabs.us/sites/default/files/MV5BMTA4ODQxMDIxMTFeQTJeQWpwZ15BbWU3MDQyMjcwMTU@._V1__SX1303_SY607_.jpg,Competition between th,Movies
The Fighter,http://flickwiz.xululabs.us/sites/default/files/MV5BMTM0ODk3MjM1MV5BMl5BanBnXkFtZTcwNzc1MDIwNA@@._V1__SX1303_SY557_.jpg,A look at the early ye,Movies
The Fighter,http://flickwiz.xululabs.us/sites/default/files/MV5BMTY0Nzc3OTcxN15BMl5BanBnXkFtZTcwMzQyMTkwOA@@._V1__SX1303_SY557_.jpg,A look at the early ye,Movies
The Hobbit: An Unexpected Journey,http://flickwiz.xululabs.us/sites/default/files/MV5BMTcwNTE4MTUxMl5BMl5BanBnXkFtZTcwMDIyODM4OA@@._V1__SX1303_SY557_.jpg,"A reluctant hobbit, Bi",Movies
The Hobbit: An Unexpected Journey,http://flickwiz.xululabs.us/sites/default/files/MV5BMTkyMTExOTMxNF5BMl5BanBnXkFtZTcwNzU1NzQwNw@@._V1__SX1303_SY557_.jpg,"A reluctant hobbit, Bi",Movies
The Hobbit: An Unexpected Journey,http://flickwiz.xululabs.us/sites/default/files/MV5BMTM2ODkyNjg5N15BMl5BanBnXkFtZTcwMDc5MTgxNw@@._V1__SX1303_SY557_.jpg,"A reluctant hobbit, Bi",Movies
Life of Pi,http://flickwiz.xululabs.us/sites/default/files/MV5BNTg2OTY2ODg5OF5BMl5BanBnXkFtZTcwODM5MTYxOA@@._V1__SX1303_SY557_.jpg,A young man who surviv,Movies
Life of Pi,http://flickwiz.xululabs.us/sites/default/files/MV5BMTc1OTQ3NDI0MV5BMl5BanBnXkFtZTcwMDM2MzUzOA@@._V1__SX1303_SY557_.jpg,A young man who surviv,Movies
Life of Pi,http://flickwiz.xululabs.us/sites/default/files/MV5BMTM4NjMxMzgwMF5BMl5BanBnXkFtZTcwMjYyOTQ5OA@@._V1__SX1303_SY557_.jpg,A young man who surviv,Movies
Harry Potter and the Deathly Hallows,http://flickwiz.xululabs.us/sites/default/files/MV5BMTY2MTk3MDQ1N15BMl5BanBnXkFtZTcwMzI4NzA2NQ@@._V1__SX1303_SY557_.jpg,"Harry, Ron and Hermion",Movies
Harry Potter and the Deathly Hallows,http://flickwiz.xululabs.us/sites/default/files/MV5BMTUzMjE2MDk1NV5BMl5BanBnXkFtZTcwMzYwNzI2Mw@@._V1__SX1303_SY557_.jpg,"Harry, Ron and Hermion",Movies
Harry Potter and the Deathly Hallows,http://flickwiz.xululabs.us/sites/default/files/MV5BMjQ4ODUzMzY2Nl5BMl5BanBnXkFtZTcwMjI4MjY4Ng@@._V1__SX1303_SY557_.jpg,"Harry, Ron and Hermion",Movies
Harry Potter and the Deathly Hallows,http://flickwiz.xululabs.us/sites/default/files/MV5BMTQzMTk2OTM5NF5BMl5BanBnXkFtZTcwMTczNTk3Ng@@._V1__SX1303_SY557_.jpg,"Harry, Ron and Hermion",Movies
Shutter Island,http://flickwiz.xululabs.us/sites/default/files/MV5BMTMxMTIyNzMxMV5BMl5BanBnXkFtZTcwOTc4OTI3Mg@@._V1__SX1303_SY557_.jpg,A U.S Marshal investig,Movies
Shutter Island,http://flickwiz.xululabs.us/sites/default/files/MV5BMTc3MTM3ODM2Nl5BMl5BanBnXkFtZTcwMDIyMTA3NQ@@._V1__SX1303_SY557_.jpg,A U.S Marshal investig,Movies
Shutter Island,http://flickwiz.xululabs.us/sites/default/files/MV5BMTg0ODgwNzc4OV5BMl5BanBnXkFtZTcwOTEzMjM1Mw@@._V1__SX1303_SY557_.jpg,A U.S Marshal investig,Movies
The Avengers,http://flickwiz.xululabs.us/sites/default/files/MV5BMTk2NTI1MTU4N15BMl5BanBnXkFtZTcwODg0OTY0Nw@@._V1__SX1303_SY557_.jpg,Earth's mightiest hero,Movies
The Avengers,http://flickwiz.xululabs.us/sites/default/files/MV5BOTk2MzAyNjE2OV5BMl5BanBnXkFtZTcwOTQ0OTY4Nw@@._V1__SX1303_SY557_.jpg,Earth's mightiest hero,Movies
The Avengers,http://flickwiz.xululabs.us/sites/default/files/MV5BMTg1Mzg3MzY3M15BMl5BanBnXkFtZTcwMDU0OTY4Nw@@._V1__SX1303_SY557_.jpg,Earth's mightiest hero,Movies
How to Train Your Dragon,http://flickwiz.xululabs.us/sites/default/files/MV5BMTU3MTQ4OTIxNF5BMl5BanBnXkFtZTcwNTAzODg1Mw@@._V1__SX1303_SY557_.jpg,A hapless young Viking,Movies
How to Train Your Dragon,http://flickwiz.xululabs.us/sites/default/files/MV5BNjI3NTU2NzkxMF5BMl5BanBnXkFtZTcwOTU1MTQ5Mg@@._V1__SX1303_SY557_.jpg,A hapless young Viking,Movies
How to Train Your Dragon,http://flickwiz.xululabs.us/sites/default/files/MV5BMTM1MjY0MTI3NF5BMl5BanBnXkFtZTcwOTg3NTA3Mw@@._V1__SX1303_SY557_.jpg,A hapless young Viking,Movies
Toy Story 3,http://flickwiz.xululabs.us/sites/default/files/MV5BMTg0OTYxNzg4OV5BMl5BanBnXkFtZTcwMTA1MzU3Mw@@._V1__SX1303_SY557_.jpg,The toys are mistakenl,Movies
Toy Story 3,http://flickwiz.xululabs.us/sites/default/files/MV5BMzIxMTEyNTcyN15BMl5BanBnXkFtZTcwMzI2NzcyMw@@._V1__SX1303_SY557_.jpg,The toys are mistakenl,Movies
Toy Story 3,http://flickwiz.xululabs.us/sites/default/files/MV5BMTYwODczNzU2MV5BMl5BanBnXkFtZTcwNTQzNDM3Mg@@._V1__SX1303_SY557_.jpg,The toys are mistakenl,Movies
Django Unchained,http://flickwiz.xululabs.us/sites/default/files/MV5BMjIyNTQ5NjQ1OV5BMl5BanBnXkFtZTcwODg1MDU4OA@@._V1__SX1303_SY557_.jpg,With the help of a Ger,Movies
Django Unchained,http://flickwiz.xululabs.us/sites/default/files/MV5BMjI3NDAzNTg2MV5BMl5BanBnXkFtZTcwOTUzOTMzOQ@@._V1__SX1303_SY557_.jpg,With the help of a Ger,Movies
Django Unchained,http://flickwiz.xululabs.us/sites/default/files/MV5BNjI4NzkzODM3Nl5BMl5BanBnXkFtZTcwMzk1NTIyOA@@._V1__SX1303_SY557_.jpg,With the help of a Ger,Movies
Django Unchained,http://flickwiz.xululabs.us/sites/default/files/MV5BMTkyMjI1ODA5NF5BMl5BanBnXkFtZTcwODU2OTA3OA@@._V1__SX1303_SY557_.jpg,With the help of a Ger,Movies
The Dark Knight Rises,http://flickwiz.xululabs.us/sites/default/files/MV5BMTM2OTgzODU0MV5BMl5BanBnXkFtZTcwODE5ODgwOA@@._V1__SX1303_SY557_.jpg,Eight years after the ,Movies
The Dark Knight Rises,http://flickwiz.xululabs.us/sites/default/files/MV5BMTgwNTI4NDYyOF5BMl5BanBnXkFtZTcwMzEwOTgwOA@@._V1__SX1303_SY557_.jpg,Eight years after the ,Movies
The Dark Knight Rises,http://flickwiz.xululabs.us/sites/default/files/MV5BMTQyOTEyNjkxNV5BMl5BanBnXkFtZTcwOTc5ODgwOA@@._V1__SX1303_SY557_.jpg,Eight years after the ,Movies
Inception ,http://flickwiz.xululabs.us/sites/default/files/MV5BMjAxMzY3NjcxNF5BMl5BanBnXkFtZTcwNTI5OTM0Mw@@._V1__SX1303_SY601_.jpg,A thief who steals cor,Movies
Inception ,http://flickwiz.xululabs.us/sites/default/files/MV5BMjEwODQ5ODEwNV5BMl5BanBnXkFtZTgwMjkyMDQyMDE@._V1__SX1303_SY557_.jpg,A thief who steals cor,Movies
Inception ,http://flickwiz.xululabs.us/sites/default/files/MV5BMTMyMzYxMDQ3NV5BMl5BanBnXkFtZTcwNTA1NTcwMw@@._V1__SX1303_SY557_.jpg,A thief who steals cor,Movies
Inception ,http://flickwiz.xululabs.us/sites/default/files/MV5BMTY4ODc4NTQwOF5BMl5BanBnXkFtZTcwODgxMTUxNA@@._V1__SX1303_SY557_.jpg,A thief who steals cor,Movies
Avatar,http://flickwiz.xululabs.us/sites/default/files/avatar_poster_b_by_incerazo.jpg,A paraplegic marine di,Movies
Avatar,http://flickwiz.xululabs.us/sites/default/files/avatar-poster-wallpaper-3.jpg,A paraplegic marine di,Movies
Avatar,http://flickwiz.xululabs.us/sites/default/files/6660L.jpg,A paraplegic marine di,Movies
Public Enemies ,http://flickwiz.xululabs.us/sites/default/files/MV5BMjA3NDI0NzM2MV5BMl5BanBnXkFtZTcwODk5MTk2Mg@@._V1_SX640_SY720_.jpg,The Feds try to take d,Movies
Public Enemies ,http://flickwiz.xululabs.us/sites/default/files/public_enemies_poster_2_by_ivycastle.jpg,The Feds try to take d,Movies
Public Enemies ,http://flickwiz.xululabs.us/sites/default/files/public-enemies-movie-poster-2009-1020475963.jpg,The Feds try to take d,Movies
Hulk,http://flickwiz.xululabs.us/sites/default/files/hulk-poster-germania11.jpg,"Bruce Banner, a geneti",Movies
Hulk,http://flickwiz.xululabs.us/sites/default/files/Incredible_Hulk.jpg,"Bruce Banner, a geneti",Movies
Hulk,http://flickwiz.xululabs.us/sites/default/files/incredible-hulk-poster-big.jpg,"Bruce Banner, a geneti",Movies
American Gangster,http://flickwiz.xululabs.us/sites/default/files/american-gangster.jpg,"In 1970s America, a de",Movies
American Gangster,http://flickwiz.xululabs.us/sites/default/files/american_gangster_600.jpg,"In 1970s America, a de",Movies
American Gangster,http://flickwiz.xululabs.us/sites/default/files/amer-gangster-poster2.jpg,"In 1970s America, a de",Movies
American Sniper,http://flickwiz.xululabs.us/sites/default/files/american_sniper_ver3.jpg,Navy S.E.A.L.,Movies
American Sniper,http://flickwiz.xululabs.us/sites/default/files/American-Sniper-Poster-big.jpg,Navy S.E.A.L.,Movies
American Sniper,http://flickwiz.xululabs.us/sites/default/files/AMERICAN-SNIPER-POSTER.jpg,Navy S.E.A.L.,Movies
The Hateful Eight,http://flickwiz.xululabs.us/sites/default/files/hateful_eight_russell.jpg,In post-Civil War Wyom,Movies
The Hateful Eight,http://flickwiz.xululabs.us/sites/default/files/the-ncposter-gallery.jpg,In post-Civil War Wyom,Movies
The Hateful Eight,http://flickwiz.xululabs.us/sites/default/files/the-hateful-eight-poster1.jpg,In post-Civil War Wyom,Movies
Macbeth,http://flickwiz.xululabs.us/sites/default/files/macbeth-nposter-gallery.jpg,"Macbeth, a Thane of Sc",Movies
Macbeth,http://flickwiz.xululabs.us/sites/default/files/Macbeth-poster1.jpg,"Macbeth, a Thane of Sc",Movies
Macbeth,http://flickwiz.xululabs.us/sites/default/files/Macbeth-poster2.jpg,"Macbeth, a Thane of Sc",Movies
Captain America: Civil War,http://flickwiz.xululabs.us/sites/default/files/captain_america_civil_war_cap.jpg,Political interference,Movies
Captain America: Civil War,http://flickwiz.xululabs.us/sites/default/files/captain_america_civil_war_iron_man.jpg,Political interference,Movies
Captain America: Civil War,http://flickwiz.xululabs.us/sites/default/files/civil-war-poster.jpg,Political interference,Movies
Creed,http://flickwiz.xululabs.us/sites/default/files/creed_jordan-poster.jpg,The former World Heavy,Movies
Creed,http://flickwiz.xululabs.us/sites/default/files/creed_poster.jpg,The former World Heavy,Movies
Creed,http://flickwiz.xululabs.us/sites/default/files/Creed-Poster-Large.jpg,The former World Heavy,Movies
Spectre ,http://flickwiz.xululabs.us/sites/default/files/spectre-imax-poster-gallery.jpg,A cryptic message from,Movies
Spectre ,http://flickwiz.xululabs.us/sites/default/files/spectre-poster.jpg,A cryptic message from,Movies
Spectre ,http://flickwiz.xululabs.us/sites/default/files/spectre_ver5_xlg.jpg,A cryptic message from,Movies
